image_name,bbox_index,total_bboxes,center_x,center_y,width,height,angle_deg,long_side,short_side,contour_area,bbox_area,perimeter,fill_ratio,positive_pixels,area_ratio,side_ratio,area_cutoff,side_cutoff,is_outlier,scenario,median_contour_area,median_long_side,cfg_seg_close_kernel_dims,cfg_seg_min_contour_area,cfg_seg_median_area_threshold,cfg_seg_outlier_area_ratio,cfg_seg_outlier_side_ratio
IMG_3344.jpg,1,6,377.5,1493.0,1874.0,305.0,-90.0,1874.0,305.0,235515,571570,4358.0,0.412,236948,2.336,1.038,201635.0,2887.4,False,none,100817.5,1804.6,"(16, 16)",500,0.2,2,1.6
IMG_3344.jpg,2,6,2740.1,1390.0,133.2,1449.9,-3.68,1449.9,133.2,146495,193068,3166.1,0.7588,147983,1.453,0.803,201635.0,2887.4,False,none,100817.5,1804.6,"(16, 16)",500,0.2,2,1.6
IMG_3344.jpg,3,6,3203.2,1363.1,476.2,1080.0,-16.86,1080.0,476.2,104867,514367,3112.6,0.2039,57998,1.04,0.598,201635.0,2887.4,False,none,100817.5,1804.6,"(16, 16)",500,0.2,2,1.6
IMG_3344.jpg,4,6,2142.3,1267.0,102.9,2170.2,-4.24,2170.2,102.9,96768,223243,4546.2,0.4335,98960,0.96,1.203,201635.0,2887.4,False,none,100817.5,1804.6,"(16, 16)",500,0.2,2,1.6
IMG_3344.jpg,5,6,1541.4,1275.2,100.3,1735.2,-1.55,1735.2,100.3,87588,174083,3671.1,0.5031,89343,0.869,0.962,201635.0,2887.4,False,none,100817.5,1804.6,"(16, 16)",500,0.2,2,1.6
IMG_3344.jpg,6,6,931.4,1398.8,1937.1,230.7,-87.96,1937.1,230.7,73361,446916,4335.6,0.1641,75470,0.728,1.073,201635.0,2887.4,False,none,100817.5,1804.6,"(16, 16)",500,0.2,2,1.6
IMG_3345.jpg,1,6,944.9,2583.9,329.2,1847.5,-30.76,1847.5,329.2,309019,608104,4353.3,0.5082,310527,2.883,1.033,214353.0,2861.3,False,none,107176.5,1788.3,"(16, 16)",500,0.2,2,1.6
IMG_3345.jpg,2,6,1414.3,2107.6,270.1,2067.7,-34.48,2067.7,270.1,126093,558456,4675.6,0.2258,128168,1.176,1.156,214353.0,2861.3,False,none,107176.5,1788.3,"(16, 16)",500,0.2,2,1.6
IMG_3345.jpg,3,6,2871.2,1381.2,124.8,1335.8,-35.91,1335.8,124.8,126077,166729,2921.3,0.7562,127243,1.176,0.747,214353.0,2861.3,False,none,107176.5,1788.3,"(16, 16)",500,0.2,2,1.6
IMG_3345.jpg,4,6,2336.5,1556.4,105.4,2016.3,-33.14,2016.3,105.4,88276,212509,4243.5,0.4154,90072,0.824,1.128,214353.0,2861.3,False,none,107176.5,1788.3,"(16, 16)",500,0.2,2,1.6
IMG_3345.jpg,5,6,3221.9,1153.8,417.0,980.4,-48.45,980.4,417.0,87483,408877,2794.9,0.214,50700,0.816,0.548,214353.0,2861.3,False,none,107176.5,1788.3,"(16, 16)",500,0.2,2,1.6
IMG_3345.jpg,6,6,1874.9,1879.8,99.8,1729.1,-32.42,1729.1,99.8,85781,172602,3657.8,0.497,87376,0.8,0.967,214353.0,2861.3,False,none,107176.5,1788.3,"(16, 16)",500,0.2,2,1.6
IMG_3346.jpg,1,5,3003.1,2041.3,1085.6,506.5,-87.44,1085.6,506.5,170289,549860,3184.2,0.3097,61721,1.93,0.741,176472.0,2345.2,False,none,88236.0,1465.7,"(16, 16)",500,0.2,2,1.6
IMG_3346.jpg,2,5,2541.0,1911.3,1440.5,145.3,-72.65,1440.5,145.3,151990,209254,3171.6,0.7263,153408,1.723,0.983,176472.0,2345.2,False,none,88236.0,1465.7,"(16, 16)",500,0.2,2,1.6
IMG_3346.jpg,3,5,2009.4,1613.6,2083.5,116.6,-68.86,2083.5,116.6,88236,242889,4400.2,0.3633,90290,1.0,1.422,176472.0,2345.2,False,none,88236.0,1465.7,"(16, 16)",500,0.2,2,1.6
IMG_3346.jpg,4,5,1523.9,1551.2,1465.7,84.1,-69.21,1465.7,84.1,77316,123271,3099.6,0.6272,78730,0.876,1.0,176472.0,2345.2,False,none,88236.0,1465.7,"(16, 16)",500,0.2,2,1.6
IMG_3346.jpg,5,5,888.4,1384.5,1735.5,54.7,-68.44,1735.5,54.7,68494,94938,3580.4,0.7215,70147,0.776,1.184,176472.0,2345.2,False,none,88236.0,1465.7,"(16, 16)",500,0.2,2,1.6
IMG_3347.jpg,1,5,550.7,1294.1,1734.5,271.2,-76.83,1734.5,271.2,244444,470363,4011.3,0.5197,244932,1.562,1.0,312982.0,2775.2,False,none,156491.0,1734.5,"(16, 16)",500,0.2,2,1.6
IMG_3347.jpg,2,5,1932.7,1237.7,2170.1,819.0,-52.26,2170.1,819.0,180766,1777404,5978.3,0.1017,188635,1.155,1.251,312982.0,2775.2,False,none,156491.0,1734.5,"(16, 16)",500,0.2,2,1.6
IMG_3347.jpg,3,5,2840.4,1680.3,1459.9,146.8,-80.87,1459.9,146.8,156491,214354,3213.4,0.7301,157978,1.0,0.842,312982.0,2775.2,False,none,156491.0,1734.5,"(16, 16)",500,0.2,2,1.6
IMG_3347.jpg,4,5,1089.1,1365.1,1755.5,54.5,-76.76,1755.5,54.5,71852,95696,3620.1,0.7508,73583,0.459,1.012,312982.0,2775.2,False,none,156491.0,1734.5,"(16, 16)",500,0.2,2,1.6
IMG_3347.jpg,5,5,3316.1,1730.7,515.5,1066.8,-6.55,1066.8,515.5,60139,549954,3164.7,0.1094,62347,0.384,0.615,312982.0,2775.2,False,none,156491.0,1734.5,"(16, 16)",500,0.2,2,1.6
IMG_3348.jpg,1,5,443.2,1263.8,1670.2,277.8,-80.22,1670.2,277.8,248480,464021,3896.0,0.5355,243940,1.688,1.0,294360.0,2672.2,False,none,147180.0,1670.2,"(16, 16)",500,0.2,2,1.6
IMG_3348.jpg,2,5,1784.3,1016.9,2004.7,733.7,-62.68,2004.7,733.7,164981,1470770,5476.7,0.1122,168457,1.121,1.2,294360.0,2672.2,False,none,147180.0,1670.2,"(16, 16)",500,0.2,2,1.6
IMG_3348.jpg,3,5,3104.4,1217.6,464.7,994.0,-17.94,994.0,464.7,147180,461968,2917.6,0.3186,57458,1.0,0.595,294360.0,2672.2,False,none,147180.0,1670.2,"(16, 16)",500,0.2,2,1.6
IMG_3348.jpg,4,5,2662.3,1234.4,133.3,1326.4,-1.85,1326.4,133.3,132365,176795,2919.4,0.7487,133727,0.899,0.794,294360.0,2672.2,False,none,147180.0,1670.2,"(16, 16)",500,0.2,2,1.6
IMG_3348.jpg,5,5,942.5,1129.4,202.8,1891.6,-0.56,1891.6,202.8,108044,383703,4188.9,0.2816,109284,0.734,1.133,294360.0,2672.2,False,none,147180.0,1670.2,"(16, 16)",500,0.2,2,1.6
IMG_3349.jpg,1,6,388.3,1414.2,297.4,1670.6,-8.97,1670.6,297.4,262731,496876,3936.1,0.5288,255168,1.874,0.943,280346.0,2833.7,False,none,140173.0,1771.1,"(16, 16)",500,0.2,2,1.6
IMG_3349.jpg,2,6,1590.0,1214.6,340.0,1898.8,-0.84,1898.8,340.0,182253,645608,4477.6,0.2823,190123,1.3,1.072,280346.0,2833.7,False,none,140173.0,1771.1,"(16, 16)",500,0.2,2,1.6
IMG_3349.jpg,3,6,3163.9,1235.2,456.4,997.7,-22.16,997.7,456.4,145414,455375,2908.2,0.3193,57703,1.037,0.563,280346.0,2833.7,False,none,140173.0,1771.1,"(16, 16)",500,0.2,2,1.6
IMG_3349.jpg,4,6,2705.4,1272.2,134.5,1334.2,-8.09,1334.2,134.5,134932,179448,2937.4,0.7519,136287,0.963,0.753,280346.0,2833.7,False,none,140173.0,1771.1,"(16, 16)",500,0.2,2,1.6
IMG_3349.jpg,5,6,955.1,1238.5,218.6,1941.9,-6.07,1941.9,218.6,112901,424483,4320.9,0.266,114974,0.805,1.096,280346.0,2833.7,False,none,140173.0,1771.1,"(16, 16)",500,0.2,2,1.6
IMG_3349.jpg,6,6,2313.1,1247.4,111.7,1871.5,-4.4,1871.5,111.7,86146,208995,3966.4,0.4122,88054,0.615,1.057,280346.0,2833.7,False,none,140173.0,1771.1,"(16, 16)",500,0.2,2,1.6
IMG_3350.jpg,1,6,495.3,1456.0,316.3,1771.2,-1.35,1771.2,316.3,288632,560266,4175.0,0.5152,279252,1.794,0.932,321840.0,3039.6,False,none,160920.0,1899.8,"(16, 16)",500,0.2,2,1.6
IMG_3350.jpg,2,6,1708.9,1270.7,2028.4,362.6,-89.38,2028.4,362.6,206997,735437,4781.9,0.2815,213828,1.286,1.068,321840.0,3039.6,False,none,160920.0,1899.8,"(16, 16)",500,0.2,2,1.6
IMG_3350.jpg,3,6,3378.6,1306.6,488.0,1068.0,-21.29,1068.0,488.0,167242,521204,3112.1,0.3209,65752,1.039,0.562,321840.0,3039.6,False,none,160920.0,1899.8,"(16, 16)",500,0.2,2,1.6
IMG_3350.jpg,4,6,2899.6,1339.2,142.4,1430.0,-5.96,1430.0,142.4,154598,203613,3144.7,0.7593,156055,0.961,0.753,321840.0,3039.6,False,none,160920.0,1899.8,"(16, 16)",500,0.2,2,1.6
IMG_3350.jpg,5,6,1047.2,1284.3,224.8,2054.8,-3.86,2054.8,224.8,123730,461954,4559.3,0.2678,125918,0.769,1.082,321840.0,3039.6,False,none,160920.0,1899.8,"(16, 16)",500,0.2,2,1.6
IMG_3350.jpg,6,6,2328.8,1301.4,2038.4,110.0,-62.74,2038.4,110.0,94449,224153,4296.8,0.4214,96369,0.587,1.073,321840.0,3039.6,False,none,160920.0,1899.8,"(16, 16)",500,0.2,2,1.6
IMG_3351.jpg,1,6,1778.6,1337.3,1676.1,284.6,-87.92,1676.1,284.6,216426,476948,3921.3,0.4538,209777,1.979,0.992,218726.0,2703.5,False,none,109363.0,1689.7,"(16, 16)",500,0.2,2,1.6
IMG_3351.jpg,2,6,2685.7,1309.1,1328.9,135.0,-86.63,1328.9,135.0,135504,179401,2927.8,0.7553,136866,1.239,0.786,218726.0,2703.5,False,none,109363.0,1689.7,"(16, 16)",500,0.2,2,1.6
IMG_3351.jpg,3,6,953.9,1275.6,216.1,1942.6,-5.08,1942.6,216.1,111177,419717,4317.3,0.2649,113254,1.017,1.15,218726.0,2703.5,False,none,109363.0,1689.7,"(16, 16)",500,0.2,2,1.6
IMG_3351.jpg,4,6,3126.7,1326.6,737.5,971.1,-11.15,971.1,737.5,107549,716198,3417.2,0.1502,79725,0.983,0.575,218726.0,2703.5,False,none,109363.0,1689.7,"(16, 16)",500,0.2,2,1.6
IMG_3351.jpg,5,6,452.7,1433.2,1703.3,315.7,-78.69,1703.3,315.7,90542,537801,4038.0,0.1684,92232,0.828,1.008,218726.0,2703.5,False,none,109363.0,1689.7,"(16, 16)",500,0.2,2,1.6
IMG_3351.jpg,6,6,2181.2,1303.4,109.9,1999.9,-7.35,1999.9,109.9,87457,219844,4219.7,0.3978,89465,0.8,1.184,218726.0,2703.5,False,none,109363.0,1689.7,"(16, 16)",500,0.2,2,1.6
IMG_3353.jpg,1,5,1784.7,1307.9,1662.2,289.6,-89.57,1662.2,289.6,237212,481373,3903.6,0.4928,230005,1.806,1.0,262754.0,2659.5,False,none,131377.0,1662.2,"(16, 16)",500,0.2,2,1.6
IMG_3353.jpg,2,5,2473.6,1258.5,661.1,1983.7,-4.73,1983.7,661.1,204756,1311457,5289.6,0.1561,209645,1.559,1.193,262754.0,2659.5,False,none,131377.0,1662.2,"(16, 16)",500,0.2,2,1.6
IMG_3353.jpg,3,5,1204.1,1186.2,1346.6,130.1,-65.92,1346.6,130.1,131377,175154,2953.3,0.7501,132637,1.0,0.81,262754.0,2659.5,False,none,131377.0,1662.2,"(16, 16)",500,0.2,2,1.6
IMG_3353.jpg,4,5,3138.9,1314.4,727.6,973.4,-9.33,973.4,727.6,107727,708179,3401.9,0.1521,62827,0.82,0.586,262754.0,2659.5,False,none,131377.0,1662.2,"(16, 16)",500,0.2,2,1.6
IMG_3353.jpg,5,5,477.8,1391.3,1696.2,313.6,-76.96,1696.2,313.6,90465,531881,4019.5,0.1701,95137,0.689,1.02,262754.0,2659.5,False,none,131377.0,1662.2,"(16, 16)",500,0.2,2,1.6
IMG_3354.jpg,1,6,1802.8,1373.9,301.3,1705.2,-1.02,1705.2,301.3,233469,513801,4013.1,0.4544,224581,1.994,0.99,234199.0,2755.5,False,none,117099.5,1722.2,"(16, 16)",500,0.2,2,1.6
IMG_3354.jpg,2,6,2611.3,1379.6,134.6,1355.6,-1.27,1355.6,134.6,137558,182424,2980.4,0.7541,138946,1.175,0.787,234199.0,2755.5,False,none,117099.5,1722.2,"(16, 16)",500,0.2,2,1.6
IMG_3354.jpg,3,6,1123.1,1321.4,267.0,2002.9,-15.71,2002.9,267.0,127536,534672,4539.6,0.2385,129678,1.089,1.163,234199.0,2755.5,False,none,117099.5,1722.2,"(16, 16)",500,0.2,2,1.6
IMG_3354.jpg,4,6,3236.6,1364.0,591.6,1038.4,-9.77,1038.4,591.6,106663,614330,3260.0,0.1736,61010,0.911,0.603,234199.0,2755.5,False,none,117099.5,1722.2,"(16, 16)",500,0.2,2,1.6
IMG_3354.jpg,5,6,2203.4,1329.3,111.5,2034.9,-9.46,2034.9,111.5,91639,226818,4292.8,0.404,93685,0.783,1.182,234199.0,2755.5,False,none,117099.5,1722.2,"(16, 16)",500,0.2,2,1.6
IMG_3354.jpg,6,6,439.7,1494.4,1739.1,327.1,-79.63,1739.1,327.1,90816,568881,4132.5,0.1596,95269,0.776,1.01,234199.0,2755.5,False,none,117099.5,1722.2,"(16, 16)",500,0.2,2,1.6
IMG_3355.jpg,1,5,1966.2,1209.7,1731.7,313.8,-71.84,1731.7,313.8,238353,543342,4090.9,0.4387,232902,1.498,1.0,318202.0,2770.7,False,none,159101.0,1731.7,"(16, 16)",500,0.2,2,1.6
IMG_3355.jpg,2,5,2787.0,1360.9,661.7,1712.1,-8.53,1712.1,661.7,202112,1132927,4747.7,0.1784,214789,1.27,0.989,318202.0,2770.7,False,none,159101.0,1731.7,"(16, 16)",500,0.2,2,1.6
IMG_3355.jpg,3,5,1078.4,1000.0,978.1,688.4,-87.24,978.1,688.4,159101,673304,3333.0,0.2363,64766,1.0,0.565,318202.0,2770.7,False,none,159101.0,1731.7,"(16, 16)",500,0.2,2,1.6
IMG_3355.jpg,4,5,3395.2,1268.4,102.8,2082.7,-5.72,2082.7,102.8,94882,214078,4371.0,0.4432,97006,0.596,1.203,318202.0,2770.7,False,none,159101.0,1731.7,"(16, 16)",500,0.2,2,1.6
IMG_3355.jpg,5,5,573.0,1146.0,2027.1,187.4,-87.06,2027.1,187.4,92383,379873,4429.1,0.2432,94860,0.581,1.171,318202.0,2770.7,False,none,159101.0,1731.7,"(16, 16)",500,0.2,2,1.6
IMG_3356.jpg,1,6,2075.7,1214.6,1748.9,320.9,-74.97,1748.9,320.9,243321,561173,4139.5,0.4336,237452,1.898,0.997,256346.0,2806.8,False,none,128173.0,1754.2,"(16, 16)",500,0.2,2,1.6
IMG_3356.jpg,2,6,1168.9,1018.5,994.9,704.5,-88.71,994.9,704.5,165802,700875,3398.7,0.2366,67509,1.294,0.567,256346.0,2806.8,False,none,128173.0,1754.2,"(16, 16)",500,0.2,2,1.6
IMG_3356.jpg,3,6,3074.6,1310.2,1408.0,144.1,-87.95,1408.0,144.1,153392,202868,3104.1,0.7561,154835,1.197,0.803,256346.0,2806.8,False,none,128173.0,1754.2,"(16, 16)",500,0.2,2,1.6
IMG_3356.jpg,4,6,655.0,1176.4,2068.6,214.6,-89.63,2068.6,214.6,102954,443987,4566.5,0.2319,105988,0.803,1.179,256346.0,2806.8,False,none,128173.0,1754.2,"(16, 16)",500,0.2,2,1.6
IMG_3356.jpg,5,6,3523.5,1248.1,99.1,2114.5,-9.43,2114.5,99.1,98111,209644,4427.3,0.468,100245,0.765,1.205,256346.0,2806.8,False,none,128173.0,1754.2,"(16, 16)",500,0.2,2,1.6
IMG_3356.jpg,6,6,2586.0,1270.1,1759.6,335.9,-86.72,1759.6,335.9,63378,591000,4190.9,0.1072,67096,0.494,1.003,256346.0,2806.8,False,none,128173.0,1754.2,"(16, 16)",500,0.2,2,1.6
IMG_3357.jpg,1,7,1196.8,1038.1,1009.8,697.1,-81.27,1009.8,697.1,163707,703943,3413.8,0.2326,64666,1.839,0.588,178070.0,2749.5,False,none,89035.0,1718.4,"(16, 16)",500,0.2,2,1.6
IMG_3357.jpg,2,7,3141.3,1482.9,1452.8,146.3,-82.96,1452.8,146.3,155101,212614,3198.3,0.7295,156587,1.742,0.845,178070.0,2749.5,False,none,89035.0,1718.4,"(16, 16)",500,0.2,2,1.6
IMG_3357.jpg,3,7,3613.5,1444.7,98.8,2195.5,-6.19,2195.5,98.8,91633,216854,4588.6,0.4226,93904,1.029,1.278,178070.0,2749.5,False,none,89035.0,1718.4,"(16, 16)",500,0.2,2,1.6
IMG_3357.jpg,4,7,1915.7,1233.0,1986.2,161.5,-89.19,1986.2,161.5,89035,320762,4295.3,0.2776,91082,1.0,1.156,178070.0,2749.5,False,none,89035.0,1718.4,"(16, 16)",500,0.2,2,1.6
IMG_3357.jpg,5,7,691.2,1315.5,1832.4,61.4,-81.25,1832.4,61.4,79546,112579,3787.8,0.7066,81382,0.893,1.066,178070.0,2749.5,False,none,89035.0,1718.4,"(16, 16)",500,0.2,2,1.6
IMG_3357.jpg,6,7,2567.3,1360.9,342.0,1718.4,-5.98,1718.4,342.0,46256,587671,4120.9,0.0787,55578,0.52,1.0,178070.0,2749.5,False,none,89035.0,1718.4,"(16, 16)",500,0.2,2,1.6
IMG_3357.jpg,7,7,808.5,280.0,250.4,125.8,-85.1,250.4,125.8,13280,31491,752.3,0.4217,13611,0.149,0.146,178070.0,2749.5,False,none,89035.0,1718.4,"(16, 16)",500,0.2,2,1.6
IMG_3359.jpg,1,6,1134.4,1193.5,1171.7,716.7,-57.07,1171.7,716.7,197430,839745,3776.8,0.2351,78988,1.81,0.583,218208.0,3213.7,False,none,109104.0,2008.6,"(16, 16)",500,0.2,2,1.6
IMG_3359.jpg,2,6,3108.6,1459.5,160.3,1590.8,-4.83,1590.8,160.3,188816,254949,3502.2,0.7406,190457,1.731,0.792,218208.0,3213.7,False,none,109104.0,2008.6,"(16, 16)",500,0.2,2,1.6
IMG_3359.jpg,3,6,3684.5,1434.1,106.3,2385.0,-9.81,2385.0,106.3,109301,253490,4982.5,0.4312,111753,1.002,1.187,218208.0,3213.7,False,none,109104.0,2008.6,"(16, 16)",500,0.2,2,1.6
IMG_3359.jpg,4,6,1817.7,1268.8,177.1,2154.8,-0.97,2154.8,177.1,108907,381691,4663.9,0.2853,111134,0.998,1.073,218208.0,3213.7,False,none,109104.0,2008.6,"(16, 16)",500,0.2,2,1.6
IMG_3359.jpg,5,6,477.3,1409.3,2006.3,68.0,-81.48,2006.3,68.0,98617,136392,4148.6,0.723,100655,0.904,0.999,218208.0,3213.7,False,none,109104.0,2008.6,"(16, 16)",500,0.2,2,1.6
IMG_3359.jpg,6,6,2324.6,1370.8,285.6,2010.9,-5.5,2010.9,285.6,38806,574240,4592.9,0.0676,42858,0.356,1.001,218208.0,3213.7,False,none,109104.0,2008.6,"(16, 16)",500,0.2,2,1.6
IMG_3360.jpg,1,6,1079.6,1127.9,966.8,602.1,-75.48,966.8,602.1,123826,582095,3137.8,0.2127,54954,1.337,0.554,185181.0,2792.4,False,none,92590.5,1745.2,"(16, 16)",500,0.2,2,1.6
IMG_3360.jpg,2,6,443.1,1223.5,1346.7,118.9,-70.35,1346.7,118.9,120613,160160,2931.2,0.7531,121959,1.303,0.772,185181.0,2792.4,False,none,92590.5,1745.2,"(16, 16)",500,0.2,2,1.6
IMG_3360.jpg,3,6,2537.5,1156.2,1882.9,202.3,-82.01,1882.9,202.3,104005,381003,4170.6,0.273,95691,1.123,1.079,185181.0,2792.4,False,none,92590.5,1745.2,"(16, 16)",500,0.2,2,1.6
IMG_3360.jpg,4,6,3252.5,1220.2,92.0,1964.6,-9.62,1964.6,92.0,81176,180826,4113.2,0.4489,83140,0.877,1.126,185181.0,2792.4,False,none,92590.5,1745.2,"(16, 16)",500,0.2,2,1.6
IMG_3360.jpg,5,6,1733.3,1086.8,149.3,1772.4,-0.3,1772.4,149.3,76417,264682,3843.4,0.2887,78255,0.825,1.016,185181.0,2792.4,False,none,92590.5,1745.2,"(16, 16)",500,0.2,2,1.6
IMG_3360.jpg,6,6,2121.3,1080.0,1718.1,202.9,-88.62,1718.1,202.9,31896,348513,3841.9,0.0915,35197,0.344,0.984,185181.0,2792.4,False,none,92590.5,1745.2,"(16, 16)",500,0.2,2,1.6
IMG_3361.jpg,1,6,1048.9,1347.8,1085.4,673.7,-78.88,1085.4,673.7,159146,731267,3518.2,0.2176,69709,1.688,0.589,188605.0,2946.2,False,none,94302.5,1841.4,"(16, 16)",500,0.2,2,1.6
IMG_3361.jpg,2,6,383.6,1512.4,1518.4,136.2,-77.91,1518.4,136.2,150879,206795,3309.2,0.7296,152218,1.6,0.825,188605.0,2946.2,False,none,94302.5,1841.4,"(16, 16)",500,0.2,2,1.6
IMG_3361.jpg,3,6,2227.1,1331.1,98.6,2142.7,-3.07,2142.7,98.6,96745,211173,4482.5,0.4581,98927,1.026,1.164,188605.0,2946.2,False,none,94302.5,1841.4,"(16, 16)",500,0.2,2,1.6
IMG_3361.jpg,4,6,1775.5,1221.2,159.0,1944.4,-5.6,1944.4,159.0,91860,309143,4206.8,0.2971,93864,0.974,1.056,188605.0,2946.2,False,none,94302.5,1841.4,"(16, 16)",500,0.2,2,1.6
IMG_3361.jpg,5,6,2635.7,1387.0,60.4,1820.6,-1.03,1820.6,60.4,74156,109884,3762.0,0.6749,76025,0.786,0.989,188605.0,2946.2,False,none,94302.5,1841.4,"(16, 16)",500,0.2,2,1.6
IMG_3361.jpg,6,6,3225.9,1134.5,252.2,1862.2,-13.18,1862.2,252.2,39993,469662,4228.7,0.0852,43698,0.424,1.011,188605.0,2946.2,False,none,94302.5,1841.4,"(16, 16)",500,0.2,2,1.6
IMG_3365.jpg,1,6,844.5,1187.9,1004.6,575.8,-59.82,1004.6,575.8,126959,578403,3160.7,0.2195,57343,1.528,0.596,166174.0,2696.9,False,none,83087.0,1685.5,"(16, 16)",500,0.2,2,1.6
IMG_3365.jpg,2,6,1842.4,1096.3,124.7,1259.3,-10.57,1259.3,124.7,111502,156999,2767.9,0.7102,112778,1.342,0.747,166174.0,2696.9,False,none,83087.0,1685.5,"(16, 16)",500,0.2,2,1.6
IMG_3365.jpg,3,6,347.0,1293.3,1842.4,224.3,-86.74,1842.4,224.3,84691,413169,4133.3,0.205,85435,1.019,1.093,166174.0,2696.9,False,none,83087.0,1685.5,"(16, 16)",500,0.2,2,1.6
IMG_3365.jpg,4,6,2057.0,1238.5,105.4,1929.7,-8.86,1929.7,105.4,81483,203467,4070.2,0.4005,83430,0.981,1.145,166174.0,2696.9,False,none,83087.0,1685.5,"(16, 16)",500,0.2,2,1.6
IMG_3365.jpg,5,6,1596.8,1162.3,139.4,1772.7,-8.34,1772.7,139.4,74140,247035,3824.2,0.3001,75993,0.892,1.052,166174.0,2696.9,False,none,83087.0,1685.5,"(16, 16)",500,0.2,2,1.6
IMG_3365.jpg,6,6,2941.4,1072.5,238.1,1598.3,-18.62,1598.3,238.1,23714,380494,3672.8,0.0623,26881,0.285,0.948,166174.0,2696.9,False,none,83087.0,1685.5,"(16, 16)",500,0.2,2,1.6
IMG_3368.jpg,1,5,2076.7,1156.5,212.8,1443.8,-7.7,1443.8,212.8,157285,307283,3313.3,0.5119,158524,1.892,1.0,166274.0,2310.2,False,none,83137.0,1443.8,"(16, 16)",500,0.2,2,1.6
IMG_3368.jpg,2,5,963.2,1045.6,867.4,526.6,-89.59,867.4,526.6,100913,456776,2788.0,0.2209,45946,1.214,0.601,166274.0,2310.2,False,none,83137.0,1443.8,"(16, 16)",500,0.2,2,1.6
IMG_3368.jpg,3,5,2367.7,1061.2,100.3,1097.2,-9.29,1097.2,100.3,83137,110088,2395.0,0.7552,84244,1.0,0.76,166274.0,2310.2,False,none,83137.0,1443.8,"(16, 16)",500,0.2,2,1.6
IMG_3368.jpg,4,5,376.3,999.5,1644.7,218.6,-81.61,1644.7,218.6,75667,359589,3726.7,0.2104,77458,0.91,1.139,166274.0,2310.2,False,none,83137.0,1443.8,"(16, 16)",500,0.2,2,1.6
IMG_3368.jpg,5,5,1658.6,1167.1,205.7,1536.6,-9.11,1536.6,205.7,28790,316139,3484.7,0.0911,31701,0.346,1.064,166274.0,2310.2,False,none,83137.0,1443.8,"(16, 16)",500,0.2,2,1.6
IMG_3373.jpg,1,8,1080.6,1155.3,1692.6,337.7,-89.54,1692.6,337.7,177203,571534,4060.6,0.31,178298,2.071,1.018,171111.0,2660.9,False,none,85555.5,1663.1,"(16, 16)",500,0.2,2,1.6
IMG_3373.jpg,2,8,664.9,1326.5,1418.8,130.8,-68.48,1418.8,130.8,131647,185556,3099.1,0.7095,133027,1.539,0.853,171111.0,2660.9,False,none,85555.5,1663.1,"(16, 16)",500,0.2,2,1.6
IMG_3373.jpg,3,8,2510.8,1608.4,444.9,1085.6,-12.48,1085.6,444.9,99130,482950,3061.0,0.2053,59817,1.159,0.653,171111.0,2660.9,False,none,85555.5,1663.1,"(16, 16)",500,0.2,2,1.6
IMG_3373.jpg,4,8,375.8,1042.2,1864.3,237.4,-79.98,1864.3,237.4,94496,442654,4203.5,0.2135,96197,1.104,1.121,171111.0,2660.9,False,none,85555.5,1663.1,"(16, 16)",500,0.2,2,1.6
IMG_3373.jpg,5,8,2791.9,1012.2,117.8,1502.6,-11.85,1502.6,117.8,76615,176932,3240.6,0.433,78165,0.896,0.903,171111.0,2660.9,False,none,85555.5,1663.1,"(16, 16)",500,0.2,2,1.6
IMG_3373.jpg,6,8,1576.0,1202.2,86.9,1686.7,-11.42,1686.7,86.9,74558,146616,3547.3,0.5085,76224,0.871,1.014,171111.0,2660.9,False,none,85555.5,1663.1,"(16, 16)",500,0.2,2,1.6
IMG_3373.jpg,7,8,1964.5,1014.9,1639.5,264.2,-88.45,1639.5,264.2,59603,433189,3807.4,0.1376,62921,0.697,0.986,171111.0,2660.9,False,none,85555.5,1663.1,"(16, 16)",500,0.2,2,1.6
IMG_3373.jpg,8,8,3098.7,1110.2,1754.3,217.3,-89.15,1754.3,217.3,33660,381116,3943.0,0.0883,36989,0.393,1.055,171111.0,2660.9,False,none,85555.5,1663.1,"(16, 16)",500,0.2,2,1.6
IMG_3374.jpg,1,8,1201.9,1525.6,2367.9,438.7,-87.8,2367.9,438.7,290162,1038758,5613.2,0.2793,301383,2.011,1.186,288505.0,3194.2,False,none,144252.5,1996.4,"(16, 16)",500,0.2,2,1.6
IMG_3374.jpg,2,8,591.4,1806.8,1812.9,190.0,-64.1,1812.9,190.0,250190,344499,4005.8,0.7262,251895,1.734,0.908,288505.0,3194.2,False,none,144252.5,1996.4,"(16, 16)",500,0.2,2,1.6
IMG_3374.jpg,3,8,216.5,1389.4,2419.4,344.2,-76.3,2419.4,344.2,179962,832835,5527.3,0.2161,182637,1.248,1.212,288505.0,3194.2,False,none,144252.5,1996.4,"(16, 16)",500,0.2,2,1.6
IMG_3374.jpg,4,8,2778.7,2376.7,461.3,1251.8,-9.49,1251.8,461.3,173082,577417,3426.2,0.2998,81598,1.2,0.627,288505.0,3194.2,False,none,144252.5,1996.4,"(16, 16)",500,0.2,2,1.6
IMG_3374.jpg,5,8,1763.9,1685.2,110.2,2030.9,-9.85,2030.9,110.2,115423,223714,4282.0,0.5159,117483,0.8,1.017,288505.0,3194.2,False,none,144252.5,1996.4,"(16, 16)",500,0.2,2,1.6
IMG_3374.jpg,6,8,2228.5,1631.9,1890.1,304.7,-86.41,1890.1,304.7,104299,575867,4389.6,0.1811,107633,0.723,0.947,288505.0,3194.2,False,none,144252.5,1996.4,"(16, 16)",500,0.2,2,1.6
IMG_3374.jpg,7,8,3106.2,1901.2,171.4,2099.9,-9.07,2099.9,171.4,100985,359842,4542.6,0.2806,103170,0.7,1.052,288505.0,3194.2,False,none,144252.5,1996.4,"(16, 16)",500,0.2,2,1.6
IMG_3374.jpg,8,8,3384.8,1922.4,1961.9,234.7,-87.3,1961.9,234.7,46908,460520,4393.2,0.1019,50695,0.325,0.983,288505.0,3194.2,False,none,144252.5,1996.4,"(16, 16)",500,0.2,2,1.6
IMG_3376.jpg,1,7,2491.6,1166.0,332.2,1923.3,-4.76,1923.3,332.2,184762,638869,4510.9,0.2892,188230,1.329,1.188,277980.0,2590.9,False,none,138990.0,1619.3,"(16, 16)",500,0.2,2,1.6
IMG_3376.jpg,2,7,659.3,1351.7,1432.8,134.1,-69.51,1432.8,134.1,142434,192179,3133.8,0.7412,143814,1.025,0.885,277980.0,2590.9,False,none,138990.0,1619.3,"(16, 16)",500,0.2,2,1.6
IMG_3376.jpg,3,7,1090.7,1211.0,1040.3,447.0,-66.43,1040.3,447.0,139047,465068,2974.7,0.299,62483,1.0,0.642,277980.0,2590.9,False,none,138990.0,1619.3,"(16, 16)",500,0.2,2,1.6
IMG_3376.jpg,4,7,1729.4,1331.4,1492.7,746.2,-81.7,1492.7,746.2,138990,1113822,4477.7,0.1248,145444,1.0,0.922,277980.0,2590.9,False,none,138990.0,1619.3,"(16, 16)",500,0.2,2,1.6
IMG_3376.jpg,5,7,381.0,1057.4,1904.3,243.8,-79.68,1904.3,243.8,103886,464271,4296.3,0.2238,105630,0.747,1.176,277980.0,2590.9,False,none,138990.0,1619.3,"(16, 16)",500,0.2,2,1.6
IMG_3376.jpg,6,7,2930.9,1116.8,118.8,1619.3,-9.48,1619.3,118.8,74665,192435,3476.3,0.388,76350,0.537,1.0,277980.0,2590.9,False,none,138990.0,1619.3,"(16, 16)",500,0.2,2,1.6
IMG_3376.jpg,7,7,3193.0,1236.5,1769.0,214.0,-90.0,1769.0,214.0,43158,378566,3966.0,0.114,46422,0.311,1.092,277980.0,2590.9,False,none,138990.0,1619.3,"(16, 16)",500,0.2,2,1.6
